id,category,title,question,answer,intent,keywords,priority,status,approved,source_type
kb_0001,Conversaciones normales,Saludo,Saludo: Hola,"Hola. Soy el asistente de la Mesa de Ayuda de Calidad. Puedo ayudarte a radicar solicitudes, consultar estados, entender el proceso de calidad y revisar información de tickets según tus permisos.",saludo,hola; saludo; ayuda; mesa,6,active,True,corpus_conversacional_inicial
kb_0002,Conversaciones normales,Saludo,"Buenos días, necesito ayuda","Buenos días. Cuéntame qué necesitas: radicar una solicitud, consultar un ticket, revisar un estado o entender un paso del proceso de calidad.",saludo,buenos días; ayuda; consulta,6,active,True,corpus_conversacional_inicial
kb_0003,Conversaciones normales,Presentacion ia,¿Quién eres?,"Soy el asistente interno de la Mesa de Ayuda de Calidad. Mi función es orientar a los usuarios, consultar información permitida de la app y apoyar el seguimiento del mejoramiento continuo.",presentacion_ia,quién eres; asistente; mesa ayuda,6,active,True,corpus_conversacional_inicial
kb_0004,Conversaciones normales,Alcance ia,¿Qué puedes hacer?,"Puedo responder preguntas sobre la mesa de ayuda, orientar radicaciones, explicar estados, consultar tickets permitidos, sugerir acciones y guardar aprendizajes pendientes para revisión del Super Admin.",alcance_ia,puedes hacer; funciones; capacidad,6,active,True,corpus_conversacional_inicial
kb_0005,Conversaciones normales,Limite ia,¿Puedes tomar decisiones por mí?,"No. Puedo orientar y sugerir, pero no debo tomar decisiones críticas, cambiar roles, cerrar tickets o aprobar aprendizajes sin autorización del usuario responsable o del Super Admin.",limite_ia,decisiones; límites; autorizar,6,active,True,corpus_conversacional_inicial
kb_0006,Conversaciones normales,Agradecimiento,Agradecimiento: Gracias,"Con gusto. Si necesitas, también puedo ayudarte a revisar el siguiente paso del ticket o a redactar una respuesta de seguimiento.",agradecimiento,gracias; seguimiento,6,active,True,corpus_conversacional_inicial
kb_0007,Conversaciones normales,Despedida,"Listo, eso era todo","Perfecto. Dejo la conversación registrada para trazabilidad. Cuando necesites continuar, puedes preguntarme por el ticket, el área o el proceso.",despedida,despedida; trazabilidad,6,active,True,corpus_conversacional_inicial
kb_0008,Conversaciones normales,Aclaracion,No entendí,"Te lo explico más simple: dime si quieres crear una solicitud, consultar un ticket, responder un caso, cerrar una actividad o revisar indicadores.",aclaracion,no entendí; explicar; simple,6,active,True,corpus_conversacional_inicial
kb_0009,Conversaciones normales,Orientacion,"Estoy perdido, no sé qué hacer","Empecemos por identificar el caso. Dime si tienes número de ticket, área involucrada, responsable o una descripción breve del problema.",orientacion,perdido; orientación; caso,6,active,True,corpus_conversacional_inicial
kb_0010,Conversaciones normales,Confianza,¿Lo que me dices es oficial?,"Uso la base de conocimiento oficial y los datos permitidos de la aplicación. Si no encuentro soporte suficiente, te lo indicaré y no inventaré información.",confianza,oficial; soporte; datos,6,active,True,corpus_conversacional_inicial
kb_0011,Conversaciones normales,Orientacion,Qué hago ahora,"Claro. Primero identifiquemos el caso: describe qué ocurre, qué área está involucrada, si existe un ticket y qué resultado esperas. Con eso puedo orientarte sin perder trazabilidad.",orientacion,hago; ahora; claro; primero; identifiquemos; describe; ocurre; está; involucrada; existe,6,active,True,corpus_conversacional_inicial
kb_0012,Conversaciones normales,Aclaracion,Explícame paso a paso,"Lo resumo en pasos: identifica el caso, revisa si ya existe ticket, valida evidencia, asigna responsable y registra el seguimiento en la Mesa de Ayuda.",aclaracion,explícame; paso; resumo; pasos; identifica; revisa; existe; valida; evidencia; asigna,6,active,True,corpus_conversacional_inicial
kb_0013,Conversaciones normales,Clasificar area,No sé si esto es de calidad,"Puedo ayudarte a clasificarlo. Si afecta cumplimiento, procesos, evidencias, trazabilidad, auditoría o mejora continua, probablemente corresponde al proceso de calidad.",clasificar_area,ayudarte; clasificarlo; afecta; cumplimiento; procesos; evidencias; trazabilidad; auditoría; mejora; continua,6,active,True,corpus_conversacional_inicial
kb_0014,Conversaciones normales,Escalamiento humano,Quiero hablar con alguien,"Puedo orientarte, pero si el caso requiere decisión o autorización, debes escalarlo al responsable del área o al jefe general según el flujo definido.",escalamiento_humano,quiero; hablar; alguien; orientarte; pero; requiere; decisión; autorización; debes; escalarlo,6,active,True,corpus_conversacional_inicial
kb_0015,Conversaciones normales,Prioridad,Esto es urgente,"Para marcarlo como urgente deben existir impacto alto, vencimiento próximo, riesgo de incumplimiento o afectación a varios usuarios. Registra la justificación en el ticket.",prioridad,urgente; marcarlo; existir; impacto; alto; vencimiento; próximo; riesgo; incumplimiento; afectación,6,active,True,corpus_conversacional_inicial
kb_0016,Conversaciones normales,Corregir solicitud,Me equivoqué en la solicitud,"Si la solicitud aún no está cerrada, puedes agregar un comentario aclaratorio o pedir ajuste al responsable. No se recomienda borrar trazabilidad.",corregir_solicitud,equivoqué; está; cerrada; puedes; agregar; comentario; aclaratorio; pedir; ajuste; responsable,6,active,True,corpus_conversacional_inicial
kb_0017,Conversaciones normales,Confirmar registro,Quiero saber si quedó registrado,"Para confirmarlo necesito el número de ticket o el dato con el que fue radicado. Si existe, te puedo indicar estado, responsable y última actualización permitida.",confirmar_registro,quiero; saber; quedó; registrado; confirmarlo; necesito; número; dato; radicado; existe,6,active,True,corpus_conversacional_inicial
kb_0018,Conversaciones normales,Sugerir accion,Dame una recomendación,"Mi recomendación es documentar el hecho, adjuntar evidencia, definir responsable y dejar una acción concreta con fecha de seguimiento.",sugerir_accion,dame; recomendación; documentar; hecho; adjuntar; evidencia; definir; responsable; dejar; acción,6,active,True,corpus_conversacional_inicial
kb_0019,Conversaciones normales,Resumir conversacion,Resume lo que hablamos,"Puedo resumir la conversación en tres partes: situación reportada, estado actual y próximo paso sugerido. Si hay ticket asociado, lo usaré como referencia.",resumir_conversacion,resume; hablamos; resumir; conversación; tres; partes; situación; reportada; estado; actual,6,active,True,corpus_conversacional_inicial
kb_0020,Conversaciones del área,Clasificar area,¿Esto lo debe revisar Calidad?,"Si el caso está relacionado con procedimientos, evidencias, auditoría, acciones de mejora y seguimiento del sistema de gestión, puede clasificarse para el área de Calidad. Si el impacto cruza varias áreas, conviene radicarlo con área principal y mencionar las áreas relacionadas.",clasificar_area,calidad; área; clasificar; responsable,6,active,True,corpus_conversacional_inicial
kb_0021,Conversaciones del área,Consultar responsable area,¿Quién responde los casos de Calidad?,"La respuesta depende de los usuarios configurados en la aplicación. Puedo consultar el responsable si existe en la base de datos. Si no hay responsable asignado, el caso debe escalarse al jefe general o al Super Admin para configuración.",consultar_responsable_area,calidad; responsable; asignado; usuarios,6,active,True,corpus_conversacional_inicial
kb_0022,Conversaciones del área,Crear ticket area,Necesito radicar una solicitud para Calidad,"Para radicarla en Calidad, registra una descripción clara, selecciona el área correspondiente, define prioridad, adjunta evidencia si aplica y confirma el solicitante. Si el caso afecta calidad, incluye el impacto o riesgo observado.",crear_ticket_area,calidad; radicar; solicitud; prioridad,6,active,True,corpus_conversacional_inicial
kb_0023,Conversaciones del área,Resumen area,Dame un resumen de lo pendiente de Calidad,"Puedo generar el resumen consultando los tickets abiertos, vencidos, en espera y cerrados del área de Calidad. Para hacerlo correctamente necesito acceso a los datos o filtros de fecha definidos.",resumen_area,calidad; resumen; pendiente; tickets,6,active,True,corpus_conversacional_inicial
kb_0024,Conversaciones del área,Clasificar area,¿Esto lo debe revisar Talento Humano?,"Si el caso está relacionado con inducción, capacitación, novedades de personal, soportes y solicitudes administrativas, puede clasificarse para el área de Talento Humano. Si el impacto cruza varias áreas, conviene radicarlo con área principal y mencionar las áreas relacionadas.",clasificar_area,talento humano; área; clasificar; responsable,6,active,True,corpus_conversacional_inicial
kb_0025,Conversaciones del área,Crear ticket area,Necesito radicar una solicitud para Talento Humano,"Para radicarla en Talento Humano, registra una descripción clara, selecciona el área correspondiente, define prioridad, adjunta evidencia si aplica y confirma el solicitante. Si el caso afecta calidad, incluye el impacto o riesgo observado.",crear_ticket_area,talento humano; radicar; solicitud; prioridad,6,active,True,corpus_conversacional_inicial
kb_0026,Conversaciones del área,Clasificar area,¿Esto lo debe revisar Sistemas?,"Si el caso está relacionado con soporte tecnológico, accesos, usuarios, plataformas, equipos y fallas de conectividad, puede clasificarse para el área de Sistemas. Si el impacto cruza varias áreas, conviene radicarlo con área principal y mencionar las áreas relacionadas.",clasificar_area,sistemas; área; clasificar; responsable,6,active,True,corpus_conversacional_inicial
kb_0027,Conversaciones del área,Crear ticket area,Necesito radicar una solicitud para Sistemas,"Para radicarla en Sistemas, registra una descripción clara, selecciona el área correspondiente, define prioridad, adjunta evidencia si aplica y confirma el solicitante. Si el caso afecta calidad, incluye el impacto o riesgo observado.",crear_ticket_area,sistemas; radicar; solicitud; prioridad,6,active,True,corpus_conversacional_inicial
kb_0028,Conversaciones del área,Clasificar area,¿Esto lo debe revisar Logística?,"Si el caso está relacionado con entregas, alistamientos, inventarios, despachos, tiempos operativos y novedades de bodega, puede clasificarse para el área de Logística. Si el impacto cruza varias áreas, conviene radicarlo con área principal y mencionar las áreas relacionadas.",clasificar_area,logística; área; clasificar; responsable,6,active,True,corpus_conversacional_inicial
kb_0029,Conversaciones del área,Crear ticket area,Necesito radicar una solicitud para Logística,"Para radicarla en Logística, registra una descripción clara, selecciona el área correspondiente, define prioridad, adjunta evidencia si aplica y confirma el solicitante. Si el caso afecta calidad, incluye el impacto o riesgo observado.",crear_ticket_area,logística; radicar; solicitud; prioridad,6,active,True,corpus_conversacional_inicial
kb_0030,Conversaciones del área,Clasificar area,¿Esto lo debe revisar Administrativa?,"Si el caso está relacionado con documentos, compras, archivo, comunicaciones internas y gestión de recursos, puede clasificarse para el área de Administrativa. Si el impacto cruza varias áreas, conviene radicarlo con área principal y mencionar las áreas relacionadas.",clasificar_area,administrativa; área; clasificar; responsable,6,active,True,corpus_conversacional_inicial
kb_0031,Conversaciones del área,Crear ticket area,Necesito radicar una solicitud para Administrativa,"Para radicarla en Administrativa, registra una descripción clara, selecciona el área correspondiente, define prioridad, adjunta evidencia si aplica y confirma el solicitante. Si el caso afecta calidad, incluye el impacto o riesgo observado.",crear_ticket_area,administrativa; radicar; solicitud; prioridad,6,active,True,corpus_conversacional_inicial
kb_0032,Conversaciones del área,Clasificar area,¿Esto lo debe revisar Financiera?,"Si el caso está relacionado con pagos, facturación, soportes contables, cartera y validaciones económicas, puede clasificarse para el área de Financiera. Si el impacto cruza varias áreas, conviene radicarlo con área principal y mencionar las áreas relacionadas.",clasificar_area,financiera; área; clasificar; responsable,6,active,True,corpus_conversacional_inicial
kb_0033,Conversaciones del área,Crear ticket area,Necesito radicar una solicitud para Financiera,"Para radicarla en Financiera, registra una descripción clara, selecciona el área correspondiente, define prioridad, adjunta evidencia si aplica y confirma el solicitante. Si el caso afecta calidad, incluye el impacto o riesgo observado.",crear_ticket_area,financiera; radicar; solicitud; prioridad,6,active,True,corpus_conversacional_inicial
kb_0034,Conversaciones del área,Clasificar area,¿Esto lo debe revisar Comercial?,"Si el caso está relacionado con clientes, solicitudes comerciales, cotizaciones, proyectos y seguimiento a requerimientos externos, puede clasificarse para el área de Comercial. Si el impacto cruza varias áreas, conviene radicarlo con área principal y mencionar las áreas relacionadas.",clasificar_area,comercial; área; clasificar; responsable,6,active,True,corpus_conversacional_inicial
kb_0035,Conversaciones del área,Crear ticket area,Necesito radicar una solicitud para Comercial,"Para radicarla en Comercial, registra una descripción clara, selecciona el área correspondiente, define prioridad, adjunta evidencia si aplica y confirma el solicitante. Si el caso afecta calidad, incluye el impacto o riesgo observado.",crear_ticket_area,comercial; radicar; solicitud; prioridad,6,active,True,corpus_conversacional_inicial
kb_0036,Conversaciones del área,Clasificar area,¿Esto lo debe revisar Gerencia?,"Si el caso está relacionado con decisiones, aprobaciones, escalamiento final y prioridades estratégicas, puede clasificarse para el área de Gerencia. Si el impacto cruza varias áreas, conviene radicarlo con área principal y mencionar las áreas relacionadas.",clasificar_area,gerencia; área; clasificar; responsable,6,active,True,corpus_conversacional_inicial
kb_0037,Conversaciones del área,Crear ticket area,Necesito radicar una solicitud para Gerencia,"Para radicarla en Gerencia, registra una descripción clara, selecciona el área correspondiente, define prioridad, adjunta evidencia si aplica y confirma el solicitante. Si el caso afecta calidad, incluye el impacto o riesgo observado.",crear_ticket_area,gerencia; radicar; solicitud; prioridad,6,active,True,corpus_conversacional_inicial
kb_0038,Proceso de calidad,Registrar no conformidad,¿Cómo manejo un caso de no conformidad?,"Un caso de no conformidad debe describirse el incumplimiento, evidencia, proceso afectado, impacto y responsable inicial. En la Mesa de Ayuda debe quedar documentado como ticket, con comentarios de seguimiento y evidencia asociada para mantener la trazabilidad.",registrar_no_conformidad,no conformidad; calidad; proceso; evidencia,8,active,True,corpus_conversacional_inicial
kb_0039,Proceso de calidad,Registrar no conformidad,Tengo un problema de no conformidad,"Regístralo con una descripción concreta, indica proceso afectado, adjunta soporte y define el impacto. Si requiere análisis, deja el ticket en revisión hasta completar la validación.",registrar_no_conformidad,no conformidad; problema; registrar; impacto,8,active,True,corpus_conversacional_inicial
kb_0040,Proceso de calidad,Registrar no conformidad,¿Qué evidencia sirve para no conformidad?,"Sirve cualquier soporte verificable: documento, captura, acta, correo, foto, formato diligenciado, historial del sistema o comentario técnico. Lo importante es que pruebe el hecho reportado y permita seguimiento.",registrar_no_conformidad,no conformidad; evidencia; soporte; verificable,8,active,True,corpus_conversacional_inicial
kb_0041,Proceso de calidad,Registrar no conformidad,Redáctame una respuesta para un caso de no conformidad,"Puedes responder así: Se registra el caso relacionado con no conformidad. Se revisará la evidencia aportada, se validará el impacto en el proceso y se definirá la acción correspondiente con responsable y fecha de seguimiento.",registrar_no_conformidad,no conformidad; redactar; respuesta; caso,8,active,True,corpus_conversacional_inicial
kb_0042,Proceso de calidad,Accion correctiva,¿Cómo manejo un caso de acción correctiva?,"Un caso de acción correctiva debe orientarse a eliminar la causa raíz y no solo a corregir el efecto inmediato. En la Mesa de Ayuda debe quedar documentado como ticket, con comentarios de seguimiento y evidencia asociada para mantener la trazabilidad.",accion_correctiva,acción correctiva; calidad; proceso; evidencia,8,active,True,corpus_conversacional_inicial
kb_0043,Proceso de calidad,Accion correctiva,Tengo un problema de acción correctiva,"Regístralo con una descripción concreta, indica proceso afectado, adjunta soporte y define el impacto. Si requiere análisis, deja el ticket en revisión hasta completar la validación.",accion_correctiva,acción correctiva; problema; registrar; impacto,8,active,True,corpus_conversacional_inicial
kb_0044,Proceso de calidad,Accion correctiva,¿Qué evidencia sirve para acción correctiva?,"Sirve cualquier soporte verificable: documento, captura, acta, correo, foto, formato diligenciado, historial del sistema o comentario técnico. Lo importante es que pruebe el hecho reportado y permita seguimiento.",accion_correctiva,acción correctiva; evidencia; soporte; verificable,8,active,True,corpus_conversacional_inicial
kb_0045,Proceso de calidad,Accion correctiva,Redáctame una respuesta para un caso de acción correctiva,"Puedes responder así: Se registra el caso relacionado con acción correctiva. Se revisará la evidencia aportada, se validará el impacto en el proceso y se definirá la acción correspondiente con responsable y fecha de seguimiento.",accion_correctiva,acción correctiva; redactar; respuesta; caso,8,active,True,corpus_conversacional_inicial
kb_0046,Proceso de calidad,Accion preventiva,¿Cómo manejo un caso de acción preventiva?,"Un caso de acción preventiva busca reducir la probabilidad de ocurrencia antes de que el problema se materialice. En la Mesa de Ayuda debe quedar documentado como ticket, con comentarios de seguimiento y evidencia asociada para mantener la trazabilidad.",accion_preventiva,acción preventiva; calidad; proceso; evidencia,8,active,True,corpus_conversacional_inicial
kb_0047,Proceso de calidad,Accion preventiva,Tengo un problema de acción preventiva,"Regístralo con una descripción concreta, indica proceso afectado, adjunta soporte y define el impacto. Si requiere análisis, deja el ticket en revisión hasta completar la validación.",accion_preventiva,acción preventiva; problema; registrar; impacto,8,active,True,corpus_conversacional_inicial
kb_0048,Proceso de calidad,Accion preventiva,¿Qué evidencia sirve para acción preventiva?,"Sirve cualquier soporte verificable: documento, captura, acta, correo, foto, formato diligenciado, historial del sistema o comentario técnico. Lo importante es que pruebe el hecho reportado y permita seguimiento.",accion_preventiva,acción preventiva; evidencia; soporte; verificable,8,active,True,corpus_conversacional_inicial
kb_0049,Proceso de calidad,Accion preventiva,Redáctame una respuesta para un caso de acción preventiva,"Puedes responder así: Se registra el caso relacionado con acción preventiva. Se revisará la evidencia aportada, se validará el impacto en el proceso y se definirá la acción correspondiente con responsable y fecha de seguimiento.",accion_preventiva,acción preventiva; redactar; respuesta; caso,8,active,True,corpus_conversacional_inicial
kb_0050,Proceso de calidad,Mejora continua,¿Cómo manejo un caso de mejora continua?,"Un caso de mejora continua requiere identificar oportunidad, beneficio esperado, responsable y seguimiento. En la Mesa de Ayuda debe quedar documentado como ticket, con comentarios de seguimiento y evidencia asociada para mantener la trazabilidad.",mejora_continua,mejora continua; calidad; proceso; evidencia,8,active,True,corpus_conversacional_inicial
kb_0051,Proceso de calidad,Mejora continua,Tengo un problema de mejora continua,"Regístralo con una descripción concreta, indica proceso afectado, adjunta soporte y define el impacto. Si requiere análisis, deja el ticket en revisión hasta completar la validación.",mejora_continua,mejora continua; problema; registrar; impacto,8,active,True,corpus_conversacional_inicial
kb_0052,Proceso de calidad,Mejora continua,¿Qué evidencia sirve para mejora continua?,"Sirve cualquier soporte verificable: documento, captura, acta, correo, foto, formato diligenciado, historial del sistema o comentario técnico. Lo importante es que pruebe el hecho reportado y permita seguimiento.",mejora_continua,mejora continua; evidencia; soporte; verificable,8,active,True,corpus_conversacional_inicial
kb_0053,Proceso de calidad,Mejora continua,Redáctame una respuesta para un caso de mejora continua,"Puedes responder así: Se registra el caso relacionado con mejora continua. Se revisará la evidencia aportada, se validará el impacto en el proceso y se definirá la acción correspondiente con responsable y fecha de seguimiento.",mejora_continua,mejora continua; redactar; respuesta; caso,8,active,True,corpus_conversacional_inicial
kb_0054,Proceso de calidad,Validar evidencia,¿Cómo manejo un caso de evidencia?,"Un caso de evidencia debe ser clara, verificable, fechada y relacionada con el caso. En la Mesa de Ayuda debe quedar documentado como ticket, con comentarios de seguimiento y evidencia asociada para mantener la trazabilidad.",validar_evidencia,evidencia; calidad; proceso; evidencia,8,active,True,corpus_conversacional_inicial
kb_0055,Proceso de calidad,Validar evidencia,Tengo un problema de evidencia,"Regístralo con una descripción concreta, indica proceso afectado, adjunta soporte y define el impacto. Si requiere análisis, deja el ticket en revisión hasta completar la validación.",validar_evidencia,evidencia; problema; registrar; impacto,8,active,True,corpus_conversacional_inicial
kb_0056,Proceso de calidad,Validar evidencia,¿Qué evidencia sirve para evidencia?,"Sirve cualquier soporte verificable: documento, captura, acta, correo, foto, formato diligenciado, historial del sistema o comentario técnico. Lo importante es que pruebe el hecho reportado y permita seguimiento.",validar_evidencia,evidencia; evidencia; soporte; verificable,8,active,True,corpus_conversacional_inicial
kb_0057,Proceso de calidad,Validar evidencia,Redáctame una respuesta para un caso de evidencia,"Puedes responder así: Se registra el caso relacionado con evidencia. Se revisará la evidencia aportada, se validará el impacto en el proceso y se definirá la acción correspondiente con responsable y fecha de seguimiento.",validar_evidencia,evidencia; redactar; respuesta; caso,8,active,True,corpus_conversacional_inicial
kb_0058,Proceso de calidad,Analisis causa raiz,¿Cómo manejo un caso de causa raíz?,"Un caso de causa raíz puede analizarse con 5 porqués, Ishikawa o revisión de factores del proceso. En la Mesa de Ayuda debe quedar documentado como ticket, con comentarios de seguimiento y evidencia asociada para mantener la trazabilidad.",analisis_causa_raiz,causa raíz; calidad; proceso; evidencia,8,active,True,corpus_conversacional_inicial
kb_0059,Proceso de calidad,Analisis causa raiz,Tengo un problema de causa raíz,"Regístralo con una descripción concreta, indica proceso afectado, adjunta soporte y define el impacto. Si requiere análisis, deja el ticket en revisión hasta completar la validación.",analisis_causa_raiz,causa raíz; problema; registrar; impacto,8,active,True,corpus_conversacional_inicial
kb_0060,Proceso de calidad,Analisis causa raiz,¿Qué evidencia sirve para causa raíz?,"Sirve cualquier soporte verificable: documento, captura, acta, correo, foto, formato diligenciado, historial del sistema o comentario técnico. Lo importante es que pruebe el hecho reportado y permita seguimiento.",analisis_causa_raiz,causa raíz; evidencia; soporte; verificable,8,active,True,corpus_conversacional_inicial
kb_0061,Proceso de calidad,Analisis causa raiz,Redáctame una respuesta para un caso de causa raíz,"Puedes responder así: Se registra el caso relacionado con causa raíz. Se revisará la evidencia aportada, se validará el impacto en el proceso y se definirá la acción correspondiente con responsable y fecha de seguimiento.",analisis_causa_raiz,causa raíz; redactar; respuesta; caso,8,active,True,corpus_conversacional_inicial
kb_0062,Proceso de calidad,Trazabilidad,¿Cómo manejo un caso de trazabilidad?,"Un caso de trazabilidad debe quedar registro de fecha, usuario, acción, comentario y soporte. En la Mesa de Ayuda debe quedar documentado como ticket, con comentarios de seguimiento y evidencia asociada para mantener la trazabilidad.",trazabilidad,trazabilidad; calidad; proceso; evidencia,8,active,True,corpus_conversacional_inicial
kb_0063,Proceso de calidad,Trazabilidad,Tengo un problema de trazabilidad,"Regístralo con una descripción concreta, indica proceso afectado, adjunta soporte y define el impacto. Si requiere análisis, deja el ticket en revisión hasta completar la validación.",trazabilidad,trazabilidad; problema; registrar; impacto,8,active,True,corpus_conversacional_inicial
kb_0064,Proceso de calidad,Trazabilidad,¿Qué evidencia sirve para trazabilidad?,"Sirve cualquier soporte verificable: documento, captura, acta, correo, foto, formato diligenciado, historial del sistema o comentario técnico. Lo importante es que pruebe el hecho reportado y permita seguimiento.",trazabilidad,trazabilidad; evidencia; soporte; verificable,8,active,True,corpus_conversacional_inicial
kb_0065,Proceso de calidad,Trazabilidad,Redáctame una respuesta para un caso de trazabilidad,"Puedes responder así: Se registra el caso relacionado con trazabilidad. Se revisará la evidencia aportada, se validará el impacto en el proceso y se definirá la acción correspondiente con responsable y fecha de seguimiento.",trazabilidad,trazabilidad; redactar; respuesta; caso,8,active,True,corpus_conversacional_inicial
kb_0066,Proceso de calidad,Auditoria,¿Cómo manejo un caso de auditoría?,"Un caso de auditoría requiere hallazgo, criterio, evidencia, responsable y plan de acción. En la Mesa de Ayuda debe quedar documentado como ticket, con comentarios de seguimiento y evidencia asociada para mantener la trazabilidad.",auditoria,auditoría; calidad; proceso; evidencia,8,active,True,corpus_conversacional_inicial
kb_0067,Proceso de calidad,Auditoria,Tengo un problema de auditoría,"Regístralo con una descripción concreta, indica proceso afectado, adjunta soporte y define el impacto. Si requiere análisis, deja el ticket en revisión hasta completar la validación.",auditoria,auditoría; problema; registrar; impacto,8,active,True,corpus_conversacional_inicial
kb_0068,Proceso de calidad,Auditoria,¿Qué evidencia sirve para auditoría?,"Sirve cualquier soporte verificable: documento, captura, acta, correo, foto, formato diligenciado, historial del sistema o comentario técnico. Lo importante es que pruebe el hecho reportado y permita seguimiento.",auditoria,auditoría; evidencia; soporte; verificable,8,active,True,corpus_conversacional_inicial
kb_0069,Proceso de calidad,Auditoria,Redáctame una respuesta para un caso de auditoría,"Puedes responder así: Se registra el caso relacionado con auditoría. Se revisará la evidencia aportada, se validará el impacto en el proceso y se definirá la acción correspondiente con responsable y fecha de seguimiento.",auditoria,auditoría; redactar; respuesta; caso,8,active,True,corpus_conversacional_inicial
kb_0070,Proceso de calidad,Indicador calidad,¿Cómo manejo un caso de indicador?,"Un caso de indicador debe tener fórmula, periodicidad, fuente de datos, meta y responsable. En la Mesa de Ayuda debe quedar documentado como ticket, con comentarios de seguimiento y evidencia asociada para mantener la trazabilidad.",indicador_calidad,indicador; calidad; proceso; evidencia,8,active,True,corpus_conversacional_inicial
kb_0071,Proceso de calidad,Indicador calidad,Tengo un problema de indicador,"Regístralo con una descripción concreta, indica proceso afectado, adjunta soporte y define el impacto. Si requiere análisis, deja el ticket en revisión hasta completar la validación.",indicador_calidad,indicador; problema; registrar; impacto,8,active,True,corpus_conversacional_inicial
kb_0072,Proceso de calidad,Indicador calidad,¿Qué evidencia sirve para indicador?,"Sirve cualquier soporte verificable: documento, captura, acta, correo, foto, formato diligenciado, historial del sistema o comentario técnico. Lo importante es que pruebe el hecho reportado y permita seguimiento.",indicador_calidad,indicador; evidencia; soporte; verificable,8,active,True,corpus_conversacional_inicial
kb_0073,Proceso de calidad,Indicador calidad,Redáctame una respuesta para un caso de indicador,"Puedes responder así: Se registra el caso relacionado con indicador. Se revisará la evidencia aportada, se validará el impacto en el proceso y se definirá la acción correspondiente con responsable y fecha de seguimiento.",indicador_calidad,indicador; redactar; respuesta; caso,8,active,True,corpus_conversacional_inicial
kb_0074,Proceso de calidad,Gestion riesgo,¿Cómo manejo un caso de riesgo?,"Un caso de riesgo debe evaluar probabilidad, impacto, control existente y acción de tratamiento. En la Mesa de Ayuda debe quedar documentado como ticket, con comentarios de seguimiento y evidencia asociada para mantener la trazabilidad.",gestion_riesgo,riesgo; calidad; proceso; evidencia,8,active,True,corpus_conversacional_inicial
kb_0075,Proceso de calidad,Gestion riesgo,Tengo un problema de riesgo,"Regístralo con una descripción concreta, indica proceso afectado, adjunta soporte y define el impacto. Si requiere análisis, deja el ticket en revisión hasta completar la validación.",gestion_riesgo,riesgo; problema; registrar; impacto,8,active,True,corpus_conversacional_inicial
kb_0076,Proceso de calidad,Gestion riesgo,¿Qué evidencia sirve para riesgo?,"Sirve cualquier soporte verificable: documento, captura, acta, correo, foto, formato diligenciado, historial del sistema o comentario técnico. Lo importante es que pruebe el hecho reportado y permita seguimiento.",gestion_riesgo,riesgo; evidencia; soporte; verificable,8,active,True,corpus_conversacional_inicial
kb_0077,Proceso de calidad,Gestion riesgo,Redáctame una respuesta para un caso de riesgo,"Puedes responder así: Se registra el caso relacionado con riesgo. Se revisará la evidencia aportada, se validará el impacto en el proceso y se definirá la acción correspondiente con responsable y fecha de seguimiento.",gestion_riesgo,riesgo; redactar; respuesta; caso,8,active,True,corpus_conversacional_inicial
kb_0078,Radicación,Explicar campo radicacion,¿Qué pongo en el campo asunto?,"El asunto debe resumir el caso en pocas palabras, por ejemplo: Retraso en respuesta de calidad o Solicitud de ajuste documental.",explicar_campo_radicacion,asunto; campo; radicación; solicitud,8,active,True,corpus_conversacional_inicial
kb_0079,Radicación,Explicar campo radicacion,¿Qué pongo en el campo descripción?,"La descripción debe explicar qué ocurrió, dónde ocurrió, desde cuándo, qué impacto tiene y qué resultado se espera.",explicar_campo_radicacion,descripción; campo; radicación; solicitud,8,active,True,corpus_conversacional_inicial
kb_0080,Radicación,Explicar campo radicacion,¿Qué pongo en el campo área?,El área debe ser la principal responsable del análisis o atención del caso.,explicar_campo_radicacion,área; campo; radicación; solicitud,8,active,True,corpus_conversacional_inicial
kb_0081,Radicación,Explicar campo radicacion,¿Qué pongo en el campo prioridad?,"La prioridad debe definirse según impacto, urgencia, vencimiento, riesgo y afectación del servicio.",explicar_campo_radicacion,prioridad; campo; radicación; solicitud,8,active,True,corpus_conversacional_inicial
kb_0082,Radicación,Explicar campo radicacion,¿Qué pongo en el campo evidencia?,"La evidencia puede ser un archivo, foto, documento, captura o comentario verificable asociado al hecho.",explicar_campo_radicacion,evidencia; campo; radicación; solicitud,8,active,True,corpus_conversacional_inicial
kb_0083,Radicación,Explicar campo radicacion,¿Qué pongo en el campo responsable?,"El responsable se asigna según área, flujo de trabajo, carga y permisos configurados.",explicar_campo_radicacion,responsable; campo; radicación; solicitud,8,active,True,corpus_conversacional_inicial
kb_0084,Radicación,Explicar campo radicacion,¿Qué pongo en el campo fecha límite?,La fecha límite debe responder a la urgencia y a los acuerdos de servicio definidos.,explicar_campo_radicacion,fecha límite; campo; radicación; solicitud,8,active,True,corpus_conversacional_inicial
kb_0085,Radicación,Radicar solicitud,Necesito crear un ticket,"Para crear un ticket debes registrar asunto, descripción, área, prioridad, solicitante y evidencia si aplica. Después confirma la radicación para que el sistema genere trazabilidad.",radicar_solicitud,necesito; crear; debes; registrar; asunto; descripción; prioridad; solicitante; evidencia; aplica,8,active,True,corpus_conversacional_inicial
kb_0086,Radicación,Radicar solicitud,"No tengo evidencia, ¿puedo radicar?","Sí puedes radicar si el caso requiere revisión, pero debes indicar que la evidencia está pendiente o explicar por qué no existe. El cierre no debería realizarse sin soporte suficiente cuando el proceso lo exige.",radicar_solicitud,evidencia; radicar; puedes; requiere; revisión; pero; debes; indicar; está; pendiente,8,active,True,corpus_conversacional_inicial
kb_0087,Radicación,Radicar solicitud,Me equivoqué al radicar,"No borres la trazabilidad. Agrega un comentario aclaratorio o solicita corrección al responsable autorizado. Si el error cambia el sentido del caso, puede requerirse reclasificación.",radicar_solicitud,equivoqué; radicar; borres; trazabilidad; agrega; comentario; aclaratorio; solicita; corrección; responsable,8,active,True,corpus_conversacional_inicial
kb_0088,Radicación,Radicar solicitud,Quiero radicar algo anónimo,"La Mesa de Ayuda debe conservar trazabilidad. Si se permite reporte reservado, debe configurarse como política del sistema; de lo contrario, el solicitante debe quedar identificado.",radicar_solicitud,quiero; radicar; algo; anónimo; mesa; ayuda; conservar; trazabilidad; permite; reporte,8,active,True,corpus_conversacional_inicial
kb_0089,Radicación,Radicar solicitud,El caso afecta a varias áreas,"Radícalo con el área principal responsable y menciona las áreas relacionadas en la descripción. Si el flujo lo permite, se pueden agregar responsables de apoyo.",radicar_solicitud,afecta; varias; áreas; radícalo; principal; responsable; menciona; relacionadas; descripción; flujo,8,active,True,corpus_conversacional_inicial
kb_0090,Radicación,Radicar solicitud,No sé qué prioridad usar,"Usa prioridad alta si hay riesgo crítico, vencimiento cercano o afectación a varios usuarios. Usa media si requiere atención programada y baja si es mejora o consulta sin urgencia.",radicar_solicitud,prioridad; usar; alta; riesgo; crítico; vencimiento; cercano; afectación; varios; media,8,active,True,corpus_conversacional_inicial
kb_0091,Radicación,Radicar solicitud,¿Puedo adjuntar varios archivos?,"Sí, cuando el sistema lo permita. Es recomendable nombrar los archivos de forma clara para facilitar revisión y auditoría.",radicar_solicitud,adjuntar; varios; archivos; sistema; permita; recomendable; nombrar; forma; clara; facilitar,8,active,True,corpus_conversacional_inicial
kb_0092,Radicación,Radicar solicitud,¿Qué pasa después de radicar?,"El ticket queda registrado, se asigna responsable o área, se genera seguimiento y el usuario puede consultar el estado según sus permisos.",radicar_solicitud,pasa; después; radicar; queda; registrado; asigna; responsable; genera; seguimiento; consultar,8,active,True,corpus_conversacional_inicial
kb_0093,Seguimiento y cierre,Consultar estado,¿En qué estado está mi ticket?,"Para consultar el estado necesito el número de ticket o identificar la solicitud. Si el sistema encuentra el registro, te indicaré estado actual, responsable y última actualización permitida.",consultar_estado,estado; está; consultar; necesito; número; identificar; sistema; encuentra; registro; indicaré,8,active,True,corpus_conversacional_inicial
kb_0094,Seguimiento y cierre,Consultar ticket,Busca el ticket DT-0001,"Voy a buscar el ticket en la base de datos. Si existe y tienes permiso para verlo, puedo mostrar estado, responsable, prioridad, área y último seguimiento.",consultar_ticket,busca; 0001; buscar; base; datos; existe; permiso; verlo; mostrar; estado,8,active,True,corpus_conversacional_inicial
kb_0095,Seguimiento y cierre,Agregar comentario,Quiero agregar un comentario,"Puedes agregarlo como seguimiento del ticket. El comentario debe ser claro, relacionado con el caso y conservar trazabilidad. No reemplaza la evidencia cuando esta es obligatoria.",agregar_comentario,quiero; agregar; comentario; puedes; agregarlo; seguimiento; claro; relacionado; conservar; trazabilidad,8,active,True,corpus_conversacional_inicial
kb_0096,Seguimiento y cierre,Agregar evidencia,Quiero subir una evidencia,Adjunta el soporte al ticket y describe qué demuestra. La evidencia debe estar relacionada con la solicitud y ser verificable para auditoría.,agregar_evidencia,quiero; subir; evidencia; adjunta; soporte; describe; demuestra; estar; relacionada; verificable,8,active,True,corpus_conversacional_inicial
kb_0097,Seguimiento y cierre,Cerrar ticket,¿Cómo cierro un ticket?,"Antes de cerrar, valida que exista respuesta final, evidencia suficiente, responsable definido y que el solicitante haya sido informado si aplica. El cierre debe quedar registrado con comentario final.",cerrar_ticket,cómo; cierro; antes; cerrar; valida; exista; respuesta; final; evidencia; suficiente,8,active,True,corpus_conversacional_inicial
kb_0098,Seguimiento y cierre,Reabrir ticket,Necesito reabrir un ticket cerrado,"La reapertura debe justificarse. Indica por qué el cierre no resolvió el caso, qué evidencia nueva existe o qué actividad quedó pendiente.",reabrir_ticket,necesito; reabrir; cerrado; reapertura; justificarse; indica; cierre; resolvió; evidencia; nueva,8,active,True,corpus_conversacional_inicial
kb_0099,Seguimiento y cierre,Escalar ticket,Este ticket no avanza,"Si el ticket está detenido, revisa responsable, fecha de última gestión, evidencia y causa de espera. Si supera el tiempo permitido, puede escalarse al jefe general con justificación.",escalar_ticket,avanza; está; detenido; revisa; responsable; fecha; última; gestión; evidencia; causa,8,active,True,corpus_conversacional_inicial
kb_0100,Seguimiento y cierre,Ampliar espera,Necesito más tiempo para resolver,"Puedes solicitar ampliación de espera con una causa clara, nueva fecha estimada y comentario de seguimiento. No debe usarse para ocultar inactividad.",ampliar_espera,necesito; tiempo; resolver; puedes; solicitar; ampliación; espera; causa; clara; nueva,8,active,True,corpus_conversacional_inicial
kb_0101,Seguimiento y cierre,Vencimiento,¿Qué significa ticket vencido?,"Un ticket vencido es aquel que superó el tiempo definido sin cierre o sin la acción esperada. Debe revisarse prioridad, responsable y causa del incumplimiento.",vencimiento,significa; vencido; aquel; superó; tiempo; definido; cierre; acción; esperada; revisarse,8,active,True,corpus_conversacional_inicial
kb_0102,Seguimiento y cierre,Satisfaccion,El usuario no quedó satisfecho,"Registra el comentario del usuario, revisa si el cierre fue adecuado y evalúa reapertura, acción correctiva o mejora si el caso revela falla del proceso.",satisfaccion,quedó; satisfecho; registra; comentario; revisa; cierre; adecuado; evalúa; reapertura; acción,8,active,True,corpus_conversacional_inicial
kb_0103,Seguimiento y cierre,Consultar estado,Estado de mi solicitud,"Para consultar eso necesito identificar el ticket. Si lo encuentro y tienes permiso, te mostraré estado, responsable, prioridad y último movimiento.",consultar_estado,estado; consultar; necesito; identificar; encuentro; permiso; mostraré; responsable; prioridad; último,8,active,True,corpus_conversacional_inicial
kb_0104,Seguimiento y cierre,Cerrar ticket,Finalizar el caso,"Para finalizarlo, verifica evidencia, respuesta final, validación del solicitante si aplica y comentario de cierre. El sistema debe conservar la trazabilidad.",cerrar_ticket,finalizar; finalizarlo; verifica; evidencia; respuesta; final; validación; solicitante; aplica; comentario,8,active,True,corpus_conversacional_inicial
kb_0105,Seguimiento y cierre,Escalar ticket,Pasarlo al jefe,"Puedes escalarlo si hay bloqueo, vencimiento o decisión pendiente. Registra la justificación y conserva los comentarios previos del responsable.",escalar_ticket,pasarlo; jefe; puedes; escalarlo; bloqueo; vencimiento; decisión; pendiente; registra; justificación,8,active,True,corpus_conversacional_inicial
kb_0106,Seguimiento y cierre,Agregar evidencia,Subir soporte,Adjunta el soporte al ticket y explica qué prueba. La evidencia debe quedar vinculada al caso para revisión posterior.,agregar_evidencia,subir; soporte; adjunta; explica; prueba; evidencia; quedar; vinculada; revisión; posterior,8,active,True,corpus_conversacional_inicial
kb_0107,Seguimiento y cierre,Reabrir ticket,Volver a abrir,"La reapertura requiere una justificación concreta y, de ser posible, evidencia nueva o explicación de lo que quedó sin resolver.",reabrir_ticket,volver; abrir; reapertura; requiere; justificación; concreta; posible; evidencia; nueva; explicación,8,active,True,corpus_conversacional_inicial
kb_0108,Reportes e indicadores,Consultar tickets abiertos,¿Cómo reviso tickets abiertos?,"El indicador de tickets abiertos muestra cantidad de casos activos que aún requieren gestión. Puedo consultarlo si el sistema tiene los datos y filtros requeridos, como rango de fechas, área o responsable.",consultar_tickets_abiertos,tickets abiertos; indicador; kpi; reporte,6,active,True,corpus_conversacional_inicial
kb_0109,Reportes e indicadores,Consultar tickets abiertos,Dame un reporte de tickets abiertos,"Para generar el reporte de tickets abiertos, necesito definir periodo, área y nivel de detalle. El resultado debe mostrar dato principal, tendencia y casos que requieren acción.",consultar_tickets_abiertos,tickets abiertos; reporte; periodo; área,6,active,True,corpus_conversacional_inicial
kb_0110,Reportes e indicadores,Consultar tickets vencidos,¿Cómo reviso tickets vencidos?,"El indicador de tickets vencidos muestra casos que superaron el tiempo definido de atención. Puedo consultarlo si el sistema tiene los datos y filtros requeridos, como rango de fechas, área o responsable.",consultar_tickets_vencidos,tickets vencidos; indicador; kpi; reporte,6,active,True,corpus_conversacional_inicial
kb_0111,Reportes e indicadores,Consultar tickets vencidos,Dame un reporte de tickets vencidos,"Para generar el reporte de tickets vencidos, necesito definir periodo, área y nivel de detalle. El resultado debe mostrar dato principal, tendencia y casos que requieren acción.",consultar_tickets_vencidos,tickets vencidos; reporte; periodo; área,6,active,True,corpus_conversacional_inicial
kb_0112,Reportes e indicadores,Kpi tiempo cierre,¿Cómo reviso tiempo promedio de cierre?,"El indicador de tiempo promedio de cierre muestra promedio entre radicación y cierre de tickets. Puedo consultarlo si el sistema tiene los datos y filtros requeridos, como rango de fechas, área o responsable.",kpi_tiempo_cierre,tiempo promedio de cierre; indicador; kpi; reporte,6,active,True,corpus_conversacional_inicial
kb_0113,Reportes e indicadores,Kpi tiempo cierre,Dame un reporte de tiempo promedio de cierre,"Para generar el reporte de tiempo promedio de cierre, necesito definir periodo, área y nivel de detalle. El resultado debe mostrar dato principal, tendencia y casos que requieren acción.",kpi_tiempo_cierre,tiempo promedio de cierre; reporte; periodo; área,6,active,True,corpus_conversacional_inicial
kb_0114,Reportes e indicadores,Kpi area,¿Cómo reviso casos por área?,"El indicador de casos por área muestra distribución de solicitudes según área responsable. Puedo consultarlo si el sistema tiene los datos y filtros requeridos, como rango de fechas, área o responsable.",kpi_area,casos por área; indicador; kpi; reporte,6,active,True,corpus_conversacional_inicial
kb_0115,Reportes e indicadores,Kpi area,Dame un reporte de casos por área,"Para generar el reporte de casos por área, necesito definir periodo, área y nivel de detalle. El resultado debe mostrar dato principal, tendencia y casos que requieren acción.",kpi_area,casos por área; reporte; periodo; área,6,active,True,corpus_conversacional_inicial
kb_0116,Reportes e indicadores,Kpi reincidencia,¿Cómo reviso reincidencias?,"El indicador de reincidencias muestra temas o problemas repetidos en un periodo. Puedo consultarlo si el sistema tiene los datos y filtros requeridos, como rango de fechas, área o responsable.",kpi_reincidencia,reincidencias; indicador; kpi; reporte,6,active,True,corpus_conversacional_inicial
kb_0117,Reportes e indicadores,Kpi reincidencia,Dame un reporte de reincidencias,"Para generar el reporte de reincidencias, necesito definir periodo, área y nivel de detalle. El resultado debe mostrar dato principal, tendencia y casos que requieren acción.",kpi_reincidencia,reincidencias; reporte; periodo; área,6,active,True,corpus_conversacional_inicial
kb_0118,Reportes e indicadores,Kpi satisfaccion,¿Cómo reviso satisfacción?,"El indicador de satisfacción muestra percepción del solicitante después del cierre. Puedo consultarlo si el sistema tiene los datos y filtros requeridos, como rango de fechas, área o responsable.",kpi_satisfaccion,satisfacción; indicador; kpi; reporte,6,active,True,corpus_conversacional_inicial
kb_0119,Reportes e indicadores,Kpi satisfaccion,Dame un reporte de satisfacción,"Para generar el reporte de satisfacción, necesito definir periodo, área y nivel de detalle. El resultado debe mostrar dato principal, tendencia y casos que requieren acción.",kpi_satisfaccion,satisfacción; reporte; periodo; área,6,active,True,corpus_conversacional_inicial
kb_0120,Reportes e indicadores,Kpi mejoras,¿Cómo reviso mejoras generadas?,"El indicador de mejoras generadas muestra acciones de mejora derivadas de tickets. Puedo consultarlo si el sistema tiene los datos y filtros requeridos, como rango de fechas, área o responsable.",kpi_mejoras,mejoras generadas; indicador; kpi; reporte,6,active,True,corpus_conversacional_inicial
kb_0121,Reportes e indicadores,Kpi mejoras,Dame un reporte de mejoras generadas,"Para generar el reporte de mejoras generadas, necesito definir periodo, área y nivel de detalle. El resultado debe mostrar dato principal, tendencia y casos que requieren acción.",kpi_mejoras,mejoras generadas; reporte; periodo; área,6,active,True,corpus_conversacional_inicial
kb_0122,Reportes e indicadores,Kpi responsable,¿Cómo reviso carga por responsable?,"El indicador de carga por responsable muestra cantidad de tickets asignados a cada usuario. Puedo consultarlo si el sistema tiene los datos y filtros requeridos, como rango de fechas, área o responsable.",kpi_responsable,carga por responsable; indicador; kpi; reporte,6,active,True,corpus_conversacional_inicial
kb_0123,Reportes e indicadores,Kpi responsable,Dame un reporte de carga por responsable,"Para generar el reporte de carga por responsable, necesito definir periodo, área y nivel de detalle. El resultado debe mostrar dato principal, tendencia y casos que requieren acción.",kpi_responsable,carga por responsable; reporte; periodo; área,6,active,True,corpus_conversacional_inicial
kb_0124,Aprendizaje controlado,Aprendizaje pendiente,Aprende que los tickets sin evidencia no deben cerrarse,He registrado ese aprendizaje como pendiente de aprobación. No lo usaré como regla oficial hasta que el Super Admin lo revise y lo apruebe.,aprendizaje_pendiente,aprende; evidencia; cerrarse; registrado; aprendizaje; pendiente; aprobación; usaré; regla; oficial,6,active,True,corpus_conversacional_inicial
kb_0125,Aprendizaje controlado,Aprendizaje pendiente,Recuerda que Calidad revisa las solicitudes de auditoría,Puedo guardarlo como aprendizaje pendiente. Para convertirlo en conocimiento oficial debe revisarse y aprobarse en el panel de aprendizaje.,aprendizaje_pendiente,recuerda; revisa; auditoría; guardarlo; aprendizaje; pendiente; convertirlo; conocimiento; oficial; revisarse,6,active,True,corpus_conversacional_inicial
kb_0126,Aprendizaje controlado,Feedback respuesta,"Esto no era así, corrige esa respuesta","Gracias por la corrección. Registraré el comentario para revisión. Si hay una regla oficial diferente, el Super Admin puede actualizar la base de conocimiento.",feedback_respuesta,corrige; respuesta; gracias; corrección; registraré; comentario; revisión; regla; oficial; diferente,6,active,True,corpus_conversacional_inicial
kb_0127,Aprendizaje controlado,Feedback respuesta,No respondas eso así,"Entendido. Registraré la observación para mejorar la respuesta. Si deseas, puedo proponer una versión corregida para aprobación.",feedback_respuesta,respondas; entendido; registraré; observación; mejorar; respuesta; deseas; proponer; versión; corregida,6,active,True,corpus_conversacional_inicial
kb_0128,Aprendizaje controlado,Conocimiento obsoleto,Esa información ya no aplica,Marcaré la observación como posible conocimiento obsoleto. Debe revisarse antes de desactivar o reemplazar la respuesta oficial.,conocimiento_obsoleto,información; aplica; marcaré; observación; posible; conocimiento; obsoleto; revisarse; antes; desactivar,6,active,True,corpus_conversacional_inicial
kb_0129,Aprendizaje controlado,Aprendizaje pendiente,Guarda esta instrucción,La guardaré como aprendizaje pendiente. No quedará activa hasta que sea validada por el administrador correspondiente.,aprendizaje_pendiente,guarda; instrucción; guardaré; aprendizaje; pendiente; quedará; activa; hasta; validada; administrador,6,active,True,corpus_conversacional_inicial
kb_0130,Aprendizaje controlado,Resumir aprendizaje,¿Qué aprendiste de esta conversación?,"Detecté posibles aprendizajes sobre criterios de atención, evidencia y seguimiento. Puedo enviarlos a revisión para que se aprueben o descarten.",resumir_aprendizaje,aprendiste; conversación; detecté; posibles; aprendizajes; criterios; atención; evidencia; seguimiento; enviarlos,6,active,True,corpus_conversacional_inicial
kb_0131,Conversaciones difíciles,Manejo inconformidad,Estoy molesto porque nadie responde,"Entiendo la molestia. Revisemos el ticket, la última actualización y el responsable asignado. Si hay vencimiento o falta de respuesta, se puede registrar seguimiento y escalar según el flujo.",manejo_inconformidad,molesto; nadie; responde; entiendo; molestia; revisemos; última; actualización; responsable; asignado,6,active,True,corpus_conversacional_inicial
kb_0132,Conversaciones difíciles,Manejo inconformidad,Eso no sirve para nada,Lamento que la respuesta no haya sido útil. Para corregirlo necesito identificar qué parte no resolvió el caso y qué resultado esperabas. Lo dejaremos documentado.,manejo_inconformidad,sirve; nada; lamento; respuesta; haya; sido; útil; corregirlo; necesito; identificar,6,active,True,corpus_conversacional_inicial
kb_0133,Conversaciones difíciles,Escalamiento humano,Quiero hablar con el jefe ya,"Puedo orientar el escalamiento. Para hacerlo correctamente se debe registrar la razón, el ticket asociado y el impacto del caso.",escalamiento_humano,quiero; hablar; jefe; orientar; escalamiento; hacerlo; correctamente; registrar; razón; asociado,6,active,True,corpus_conversacional_inicial
kb_0134,Conversaciones difíciles,Queja responsable,El responsable nunca contesta,"Registra la observación en el ticket y revisa la fecha del último movimiento. Si supera el tiempo acordado, puede escalarse con trazabilidad.",queja_responsable,responsable; nunca; contesta; registra; observación; revisa; fecha; último; movimiento; supera,6,active,True,corpus_conversacional_inicial
kb_0135,Conversaciones difíciles,Trazabilidad seguridad,Borremos este comentario,"No recomiendo borrar trazabilidad. Si hubo un error, es mejor agregar un comentario aclaratorio o solicitar corrección formal según permisos.",trazabilidad_seguridad,borremos; comentario; recomiendo; borrar; trazabilidad; hubo; error; mejor; agregar; aclaratorio,6,active,True,corpus_conversacional_inicial
kb_0136,Conversaciones difíciles,Seguridad datos,Dime el PIN de ese usuario,"No puedo revelar PIN, contraseñas ni credenciales. Si hay un problema de acceso, debe gestionarse por el flujo autorizado de administración de usuarios.",seguridad_datos,dime; revelar; contraseñas; credenciales; problema; acceso; gestionarse; flujo; autorizado; administración,6,active,True,corpus_conversacional_inicial
kb_0137,Conversaciones difíciles,Seguridad roles,Cambia el rol de ese usuario,No puedo cambiar roles desde la conversación. Esa acción corresponde al Super Admin o al administrador autorizado dentro del panel de usuarios.,seguridad_roles,cambia; cambiar; roles; conversación; acción; corresponde; super; admin; administrador; autorizado,6,active,True,corpus_conversacional_inicial
kb_0138,Conversaciones difíciles,Limite acciones masivas,Cierra todos los tickets de esa área,No puedo cerrar tickets masivamente sin validación. Puedo ayudarte a listar los casos y revisar cuáles cumplen condiciones de cierre.,limite_acciones_masivas,cierra; todos; cerrar; masivamente; validación; ayudarte; listar; casos; revisar; cuáles,6,active,True,corpus_conversacional_inicial
kb_0139,Conversaciones del área,Ticket area vencido,El área de Calidad tiene un ticket vencido,"Debe revisarse la última gestión, responsable y causa del vencimiento. Si el área de Calidad requiere apoyo, registra el seguimiento y escala si aplica.",ticket_area_vencido,calidad; ticket; área; tiene,6,active,True,corpus_conversacional_inicial
kb_0140,Conversaciones del área,Ticket area sin responsable,El área de Calidad no tiene responsable asignado,"El caso no debería quedar sin responsable. Si el área de Calidad no tiene usuario configurado, el Super Admin debe revisar la asignación.",ticket_area_sin_responsable,calidad; ticket; área; no,6,active,True,corpus_conversacional_inicial
kb_0141,Conversaciones del área,Ticket area evidencia,El área de Calidad necesita adjuntar evidencia,La evidencia debe demostrar el hecho reportado y quedar asociada al ticket del área de Calidad. Agrega una breve descripción del soporte.,ticket_area_evidencia,calidad; ticket; área; necesita,6,active,True,corpus_conversacional_inicial
kb_0142,Conversaciones del área,Ticket area resumen,El área de Calidad necesita resumen semanal,"El resumen semanal de Calidad debe incluir tickets abiertos, cerrados, vencidos, reincidencias y acciones pendientes.",ticket_area_resumen,calidad; ticket; área; necesita,6,active,True,corpus_conversacional_inicial
kb_0143,Conversaciones del área,Ticket area sin responsable,El área de Talento Humano no tiene responsable asignado,"El caso no debería quedar sin responsable. Si el área de Talento Humano no tiene usuario configurado, el Super Admin debe revisar la asignación.",ticket_area_sin_responsable,talento humano; ticket; área; no,6,active,True,corpus_conversacional_inicial
kb_0144,Conversaciones del área,Ticket area resumen,El área de Talento Humano necesita resumen semanal,"El resumen semanal de Talento Humano debe incluir tickets abiertos, cerrados, vencidos, reincidencias y acciones pendientes.",ticket_area_resumen,talento humano; ticket; área; necesita,6,active,True,corpus_conversacional_inicial
kb_0145,Conversaciones del área,Ticket area sin responsable,El área de Sistemas no tiene responsable asignado,"El caso no debería quedar sin responsable. Si el área de Sistemas no tiene usuario configurado, el Super Admin debe revisar la asignación.",ticket_area_sin_responsable,sistemas; ticket; área; no,6,active,True,corpus_conversacional_inicial
kb_0146,Conversaciones del área,Ticket area resumen,El área de Sistemas necesita resumen semanal,"El resumen semanal de Sistemas debe incluir tickets abiertos, cerrados, vencidos, reincidencias y acciones pendientes.",ticket_area_resumen,sistemas; ticket; área; necesita,6,active,True,corpus_conversacional_inicial
kb_0147,Conversaciones del área,Ticket area sin responsable,El área de Logística no tiene responsable asignado,"El caso no debería quedar sin responsable. Si el área de Logística no tiene usuario configurado, el Super Admin debe revisar la asignación.",ticket_area_sin_responsable,logística; ticket; área; no,6,active,True,corpus_conversacional_inicial
kb_0148,Conversaciones del área,Ticket area resumen,El área de Logística necesita resumen semanal,"El resumen semanal de Logística debe incluir tickets abiertos, cerrados, vencidos, reincidencias y acciones pendientes.",ticket_area_resumen,logística; ticket; área; necesita,6,active,True,corpus_conversacional_inicial
kb_0149,Conversaciones del área,Ticket area sin responsable,El área de Administrativa no tiene responsable asignado,"El caso no debería quedar sin responsable. Si el área de Administrativa no tiene usuario configurado, el Super Admin debe revisar la asignación.",ticket_area_sin_responsable,administrativa; ticket; área; no,6,active,True,corpus_conversacional_inicial
kb_0150,Conversaciones del área,Ticket area resumen,El área de Administrativa necesita resumen semanal,"El resumen semanal de Administrativa debe incluir tickets abiertos, cerrados, vencidos, reincidencias y acciones pendientes.",ticket_area_resumen,administrativa; ticket; área; necesita,6,active,True,corpus_conversacional_inicial
kb_0151,Conversaciones del área,Ticket area sin responsable,El área de Financiera no tiene responsable asignado,"El caso no debería quedar sin responsable. Si el área de Financiera no tiene usuario configurado, el Super Admin debe revisar la asignación.",ticket_area_sin_responsable,financiera; ticket; área; no,6,active,True,corpus_conversacional_inicial
kb_0152,Conversaciones del área,Ticket area resumen,El área de Financiera necesita resumen semanal,"El resumen semanal de Financiera debe incluir tickets abiertos, cerrados, vencidos, reincidencias y acciones pendientes.",ticket_area_resumen,financiera; ticket; área; necesita,6,active,True,corpus_conversacional_inicial
kb_0153,Conversaciones del área,Ticket area sin responsable,El área de Comercial no tiene responsable asignado,"El caso no debería quedar sin responsable. Si el área de Comercial no tiene usuario configurado, el Super Admin debe revisar la asignación.",ticket_area_sin_responsable,comercial; ticket; área; no,6,active,True,corpus_conversacional_inicial
kb_0154,Conversaciones del área,Ticket area resumen,El área de Comercial necesita resumen semanal,"El resumen semanal de Comercial debe incluir tickets abiertos, cerrados, vencidos, reincidencias y acciones pendientes.",ticket_area_resumen,comercial; ticket; área; necesita,6,active,True,corpus_conversacional_inicial
kb_0155,Conversaciones del área,Ticket area sin responsable,El área de Gerencia no tiene responsable asignado,"El caso no debería quedar sin responsable. Si el área de Gerencia no tiene usuario configurado, el Super Admin debe revisar la asignación.",ticket_area_sin_responsable,gerencia; ticket; área; no,6,active,True,corpus_conversacional_inicial
kb_0156,Conversaciones del área,Ticket area resumen,El área de Gerencia necesita resumen semanal,"El resumen semanal de Gerencia debe incluir tickets abiertos, cerrados, vencidos, reincidencias y acciones pendientes.",ticket_area_resumen,gerencia; ticket; área; necesita,6,active,True,corpus_conversacional_inicial
kb_0157,Proceso de calidad,Etapa proceso calidad,Explícame la etapa de identificación del problema,"Describe el hecho sin juicios personales, indicando fecha, área, evidencia y efecto observado. En la Mesa de Ayuda se debe registrar cada avance como comentario o actualización del ticket.",etapa_proceso_calidad,identificación del problema; proceso; calidad; etapa,8,active,True,corpus_conversacional_inicial
kb_0158,Proceso de calidad,Etapa proceso calidad,Explícame la etapa de análisis inicial,"Revisa si el caso tiene evidencia suficiente, área responsable, prioridad correcta y posible impacto en el proceso. En la Mesa de Ayuda se debe registrar cada avance como comentario o actualización del ticket.",etapa_proceso_calidad,análisis inicial; proceso; calidad; etapa,8,active,True,corpus_conversacional_inicial
kb_0159,Proceso de calidad,Etapa proceso calidad,Explícame la etapa de asignación de responsable,"El responsable debe tener competencia y permiso para atender el caso; si no existe, se escala para configuración. En la Mesa de Ayuda se debe registrar cada avance como comentario o actualización del ticket.",etapa_proceso_calidad,asignación de responsable; proceso; calidad; etapa,8,active,True,corpus_conversacional_inicial
kb_0160,Proceso de calidad,Etapa proceso calidad,Explícame la etapa de plan de acción,"Debe incluir actividad, responsable, fecha, evidencia esperada y criterio de cierre. En la Mesa de Ayuda se debe registrar cada avance como comentario o actualización del ticket.",etapa_proceso_calidad,plan de acción; proceso; calidad; etapa,8,active,True,corpus_conversacional_inicial
kb_0161,Proceso de calidad,Etapa proceso calidad,Explícame la etapa de verificación de eficacia,No basta con ejecutar la acción; se debe validar si resolvió la causa o redujo la recurrencia. En la Mesa de Ayuda se debe registrar cada avance como comentario o actualización del ticket.,etapa_proceso_calidad,verificación de eficacia; proceso; calidad; etapa,8,active,True,corpus_conversacional_inicial
kb_0162,Proceso de calidad,Etapa proceso calidad,Explícame la etapa de cierre documental,"El cierre debe dejar respuesta final, evidencia, conclusión y trazabilidad completa. En la Mesa de Ayuda se debe registrar cada avance como comentario o actualización del ticket.",etapa_proceso_calidad,cierre documental; proceso; calidad; etapa,8,active,True,corpus_conversacional_inicial
kb_0163,Radicación,Radicar solicitud especifica,Necesito radicar una queja interna,"Registra la queja con descripción objetiva, área involucrada, evidencia si existe, impacto y datos del solicitante. Evita lenguaje ofensivo y conserva trazabilidad.",radicar_solicitud_especifica,radicar; queja; interna; registra; descripción; objetiva; involucrada; evidencia; existe; impacto,8,active,True,corpus_conversacional_inicial
kb_0164,Radicación,Radicar solicitud especifica,Necesito radicar una oportunidad de mejora,"Describe la mejora propuesta, proceso beneficiado, problema que resuelve, beneficio esperado y responsable sugerido.",radicar_solicitud_especifica,radicar; oportunidad; mejora; describe; propuesta; proceso; beneficiado; problema; resuelve; beneficio,8,active,True,corpus_conversacional_inicial
kb_0165,Radicación,Radicar solicitud especifica,Necesito radicar una falla repetitiva,"Indica cuántas veces ha ocurrido, desde cuándo, área afectada, evidencia disponible y efecto sobre usuarios o proceso.",radicar_solicitud_especifica,radicar; falla; repetitiva; indica; cuántas; veces; ocurrido; cuándo; afectada; evidencia,8,active,True,corpus_conversacional_inicial
kb_0166,Radicación,Radicar solicitud especifica,Necesito radicar un requerimiento documental,"Incluye nombre del documento, versión si existe, tipo de ajuste solicitado, justificación y fecha esperada.",radicar_solicitud_especifica,radicar; requerimiento; documental; incluye; nombre; documento; versión; existe; tipo; ajuste,8,active,True,corpus_conversacional_inicial
kb_0167,Radicación,Radicar solicitud especifica,Necesito radicar soporte de sistemas,"Indica usuario afectado, equipo o plataforma, mensaje de error, hora de ocurrencia y captura si aplica.",radicar_solicitud_especifica,radicar; soporte; sistemas; indica; afectado; equipo; plataforma; mensaje; error; hora,8,active,True,corpus_conversacional_inicial
kb_0168,Radicación,Radicar solicitud especifica,Necesito radicar solicitud de capacitación,"Indica tema, área solicitante, cantidad de personas, objetivo, urgencia y evidencia de necesidad si existe.",radicar_solicitud_especifica,radicar; capacitación; indica; tema; solicitante; cantidad; personas; objetivo; urgencia; evidencia,8,active,True,corpus_conversacional_inicial
kb_0169,Radicación,Radicar solicitud especifica,Necesito radicar hallazgo de auditoría,"Registra criterio incumplido, evidencia, proceso auditado, responsable y plazo de respuesta.",radicar_solicitud_especifica,radicar; hallazgo; auditoría; registra; criterio; incumplido; evidencia; proceso; auditado; responsable,8,active,True,corpus_conversacional_inicial
kb_0170,Radicación,Radicar solicitud especifica,Necesito radicar solicitud de indicador,"Define nombre del indicador, objetivo, fórmula, fuente de datos, periodicidad y responsable.",radicar_solicitud_especifica,radicar; indicador; define; nombre; objetivo; fórmula; fuente; datos; periodicidad; responsable,8,active,True,corpus_conversacional_inicial
kb_0171,Radicación,Detectar error radicacion,El ticket tiene descripción muy corta,"Pide ampliar contexto: qué ocurrió, cuándo, dónde, impacto y evidencia. Esto ayuda a mantener calidad de datos y trazabilidad.",detectar_error_radicacion,descripción muy corta; error; radicación; ticket,8,active,True,corpus_conversacional_inicial
kb_0172,Seguimiento y cierre,Corregir ticket,¿Qué hago si hay descripción muy corta?,"Pide ampliar contexto: qué ocurrió, cuándo, dónde, impacto y evidencia. No se debe borrar información; se debe aclarar formalmente.",corregir_ticket,descripción muy corta; corregir; seguimiento,8,active,True,corpus_conversacional_inicial
kb_0173,Radicación,Detectar error radicacion,El ticket tiene sin área responsable,Solicita definir área principal o clasificarla con ayuda del asistente. Esto ayuda a mantener calidad de datos y trazabilidad.,detectar_error_radicacion,sin área responsable; error; radicación; ticket,8,active,True,corpus_conversacional_inicial
kb_0174,Seguimiento y cierre,Corregir ticket,¿Qué hago si hay sin área responsable?,Solicita definir área principal o clasificarla con ayuda del asistente. No se debe borrar información; se debe aclarar formalmente.,corregir_ticket,sin área responsable; corregir; seguimiento,8,active,True,corpus_conversacional_inicial
kb_0175,Radicación,Detectar error radicacion,El ticket tiene prioridad inflada,"Pide justificar urgencia con impacto, vencimiento o riesgo real. Esto ayuda a mantener calidad de datos y trazabilidad.",detectar_error_radicacion,prioridad inflada; error; radicación; ticket,8,active,True,corpus_conversacional_inicial
kb_0176,Seguimiento y cierre,Corregir ticket,¿Qué hago si hay prioridad inflada?,"Pide justificar urgencia con impacto, vencimiento o riesgo real. No se debe borrar información; se debe aclarar formalmente.",corregir_ticket,prioridad inflada; corregir; seguimiento,8,active,True,corpus_conversacional_inicial
kb_0177,Radicación,Detectar error radicacion,El ticket tiene sin evidencia,"Permite radicación, pero marca evidencia pendiente si el cierre exige soporte. Esto ayuda a mantener calidad de datos y trazabilidad.",detectar_error_radicacion,sin evidencia; error; radicación; ticket,8,active,True,corpus_conversacional_inicial
kb_0178,Seguimiento y cierre,Corregir ticket,¿Qué hago si hay sin evidencia?,"Permite radicación, pero marca evidencia pendiente si el cierre exige soporte. No se debe borrar información; se debe aclarar formalmente.",corregir_ticket,sin evidencia; corregir; seguimiento,8,active,True,corpus_conversacional_inicial
kb_0179,Radicación,Detectar error radicacion,El ticket tiene ticket duplicado,Sugiere buscar casos similares y relacionar el nuevo comentario al ticket existente. Esto ayuda a mantener calidad de datos y trazabilidad.,detectar_error_radicacion,ticket duplicado; error; radicación; ticket,8,active,True,corpus_conversacional_inicial
kb_0180,Seguimiento y cierre,Corregir ticket,¿Qué hago si hay ticket duplicado?,Sugiere buscar casos similares y relacionar el nuevo comentario al ticket existente. No se debe borrar información; se debe aclarar formalmente.,corregir_ticket,ticket duplicado; corregir; seguimiento,8,active,True,corpus_conversacional_inicial
kb_0181,Radicación,Detectar error radicacion,El ticket tiene cierre sin respuesta final,Indica que debe agregarse respuesta final antes del cierre. Esto ayuda a mantener calidad de datos y trazabilidad.,detectar_error_radicacion,cierre sin respuesta final; error; radicación; ticket,8,active,True,corpus_conversacional_inicial
kb_0182,Seguimiento y cierre,Corregir ticket,¿Qué hago si hay cierre sin respuesta final?,Indica que debe agregarse respuesta final antes del cierre. No se debe borrar información; se debe aclarar formalmente.,corregir_ticket,cierre sin respuesta final; corregir; seguimiento,8,active,True,corpus_conversacional_inicial
kb_0183,Radicación,Detectar error radicacion,El ticket tiene comentarios desordenados,Sugiere resumir estado actual y próximo paso en un comentario claro. Esto ayuda a mantener calidad de datos y trazabilidad.,detectar_error_radicacion,comentarios desordenados; error; radicación; ticket,8,active,True,corpus_conversacional_inicial
kb_0184,Seguimiento y cierre,Corregir ticket,¿Qué hago si hay comentarios desordenados?,Sugiere resumir estado actual y próximo paso en un comentario claro. No se debe borrar información; se debe aclarar formalmente.,corregir_ticket,comentarios desordenados; corregir; seguimiento,8,active,True,corpus_conversacional_inicial
kb_0185,Seguimiento y cierre,Explicar estado ticket,¿Qué significa estado abierto?,El caso fue creado y aún requiere gestión. La interpretación final depende del flujo configurado en la app.,explicar_estado_ticket,abierto; estado; ticket,8,active,True,corpus_conversacional_inicial
kb_0186,Seguimiento y cierre,Explicar estado ticket,Mi solicitud aparece como abierto,El caso fue creado y aún requiere gestión. Revisa el último comentario para conocer el siguiente paso.,explicar_estado_ticket,abierto; solicitud; estado,8,active,True,corpus_conversacional_inicial
kb_0187,Seguimiento y cierre,Explicar estado ticket,¿Qué significa estado asignado?,Ya existe un responsable definido para atenderlo. La interpretación final depende del flujo configurado en la app.,explicar_estado_ticket,asignado; estado; ticket,8,active,True,corpus_conversacional_inicial
kb_0188,Seguimiento y cierre,Explicar estado ticket,Mi solicitud aparece como asignado,Ya existe un responsable definido para atenderlo. Revisa el último comentario para conocer el siguiente paso.,explicar_estado_ticket,asignado; solicitud; estado,8,active,True,corpus_conversacional_inicial
kb_0189,Seguimiento y cierre,Explicar estado ticket,¿Qué significa estado en revisión?,"El responsable está validando información, evidencia o impacto. La interpretación final depende del flujo configurado en la app.",explicar_estado_ticket,en revisión; estado; ticket,8,active,True,corpus_conversacional_inicial
kb_0190,Seguimiento y cierre,Explicar estado ticket,¿Qué significa estado en espera?,"El caso depende de información, autorización o evidencia adicional. La interpretación final depende del flujo configurado en la app.",explicar_estado_ticket,en espera; estado; ticket,8,active,True,corpus_conversacional_inicial
kb_0191,Seguimiento y cierre,Explicar estado ticket,¿Qué significa estado vencido?,El tiempo esperado fue superado y requiere revisión prioritaria. La interpretación final depende del flujo configurado en la app.,explicar_estado_ticket,vencido; estado; ticket,8,active,True,corpus_conversacional_inicial
kb_0192,Seguimiento y cierre,Explicar estado ticket,¿Qué significa estado cerrado?,El caso tiene conclusión registrada y no requiere acciones activas. La interpretación final depende del flujo configurado en la app.,explicar_estado_ticket,cerrado; estado; ticket,8,active,True,corpus_conversacional_inicial
kb_0193,Seguimiento y cierre,Explicar estado ticket,¿Qué significa estado reabierto?,El cierre anterior no resolvió completamente el caso o apareció evidencia nueva. La interpretación final depende del flujo configurado en la app.,explicar_estado_ticket,reabierto; estado; ticket,8,active,True,corpus_conversacional_inicial
kb_0194,Proceso de calidad,Diferenciar acciones calidad,¿Qué diferencia hay entre corrección y otras acciones?,"Corrección: Soluciona el efecto inmediato del problema. En la Mesa de Ayuda debe quedar claro si se trata de contención, corrección, acción correctiva, preventiva o mejora.",diferenciar_acciones_calidad,corrección; acción; calidad; diferencia,8,active,True,corpus_conversacional_inicial
kb_0195,Proceso de calidad,Diferenciar acciones calidad,¿Qué diferencia hay entre acción correctiva y otras acciones?,"Acción correctiva: Busca eliminar la causa raíz para evitar repetición. En la Mesa de Ayuda debe quedar claro si se trata de contención, corrección, acción correctiva, preventiva o mejora.",diferenciar_acciones_calidad,acción correctiva; acción; calidad; diferencia,8,active,True,corpus_conversacional_inicial
kb_0196,Proceso de calidad,Diferenciar acciones calidad,¿Qué diferencia hay entre acción preventiva y otras acciones?,"Acción preventiva: Reduce un riesgo antes de que se convierta en problema. En la Mesa de Ayuda debe quedar claro si se trata de contención, corrección, acción correctiva, preventiva o mejora.",diferenciar_acciones_calidad,acción preventiva; acción; calidad; diferencia,8,active,True,corpus_conversacional_inicial
kb_0197,Proceso de calidad,Diferenciar acciones calidad,¿Qué diferencia hay entre plan de mejora y otras acciones?,"Plan de mejora: Aumenta desempeño, control o eficiencia de un proceso. En la Mesa de Ayuda debe quedar claro si se trata de contención, corrección, acción correctiva, preventiva o mejora.",diferenciar_acciones_calidad,plan de mejora; acción; calidad; diferencia,8,active,True,corpus_conversacional_inicial
kb_0198,Proceso de calidad,Diferenciar acciones calidad,¿Qué diferencia hay entre contención y otras acciones?,"Contención: Controla temporalmente el impacto mientras se define solución de fondo. En la Mesa de Ayuda debe quedar claro si se trata de contención, corrección, acción correctiva, preventiva o mejora.",diferenciar_acciones_calidad,contención; acción; calidad; diferencia,8,active,True,corpus_conversacional_inicial
kb_0199,Conversaciones normales,Tono humano,Necesito una respuesta más humana,"Claro. Puedo responder de forma más cercana, pero manteniendo datos verificables y trazabilidad del proceso.",tono_humano,necesito; respuesta; humana; claro; responder; forma; cercana; pero; manteniendo; datos,6,active,True,corpus_conversacional_inicial
kb_0200,Conversaciones normales,Tono humano,Háblame menos técnico,Entendido. Te lo explico en palabras simples y con pasos concretos.,tono_humano,háblame; menos; técnico; entendido; explico; palabras; simples; pasos; concretos,6,active,True,corpus_conversacional_inicial
kb_0201,Conversaciones normales,Tono humano,Dame una respuesta para copiar y pegar,Puedo proponerte una respuesta lista para usar. Debes revisarla antes de enviarla si contiene datos del ticket.,tono_humano,dame; respuesta; copiar; pegar; proponerte; lista; usar; debes; revisarla; antes,6,active,True,corpus_conversacional_inicial
kb_0202,Conversaciones normales,Tono humano,Dime la mejor opción,"Puedo recomendar una opción con base en el proceso, pero la decisión final depende del responsable autorizado.",tono_humano,dime; mejor; opción; recomendar; base; proceso; pero; decisión; final; depende,6,active,True,corpus_conversacional_inicial
kb_0203,Conversaciones normales,Tono humano,No quiero llenar tantos campos,"Entiendo, pero los campos mínimos evitan reprocesos y ayudan a que el caso tenga trazabilidad y respuesta correcta.",tono_humano,quiero; llenar; tantos; campos; entiendo; pero; mínimos; evitan; reprocesos; ayudan,6,active,True,corpus_conversacional_inicial
kb_0204,Conversaciones normales,Tono humano,Esto me parece muy lento,"Podemos revisar tiempos, último seguimiento y responsable. Si hay vencimiento o bloqueo, se registra y se escala con justificación.",tono_humano,parece; lento; podemos; revisar; tiempos; último; seguimiento; responsable; vencimiento; bloqueo,6,active,True,corpus_conversacional_inicial
kb_0205,Conversaciones normales,Tono humano,Explícame como si fuera nuevo,"Claro. La Mesa de Ayuda registra solicitudes, asigna responsables, guarda evidencias, controla estados y permite seguimiento hasta el cierre.",tono_humano,explícame; fuera; nuevo; claro; mesa; ayuda; registra; asigna; responsables; guarda,6,active,True,corpus_conversacional_inicial
kb_0206,Roles y permisos,Explicar rol,¿Qué puede hacer el solicitante?,"El rol de solicitante puede crear solicitudes, aportar información, adjuntar evidencia y consultar el avance permitido. La acción exacta depende de los permisos configurados en la aplicación.",explicar_rol,solicitante; rol; permiso,6,active,True,corpus_conversacional_inicial
kb_0207,Roles y permisos,Validar permiso,"Soy solicitante, ¿puedo cerrar un ticket?",Depende de los permisos configurados y del estado del ticket. Debes validar si el rol de solicitante tiene autorización para cierre y si el caso cumple evidencia y respuesta final.,validar_permiso,solicitante; cerrar; permiso,6,active,True,corpus_conversacional_inicial
kb_0208,Roles y permisos,Explicar rol,¿Qué puede hacer el analista de calidad?,"El rol de analista de calidad puede revisar casos asignados, solicitar evidencia, responder seguimientos y proponer acciones. La acción exacta depende de los permisos configurados en la aplicación.",explicar_rol,analista de calidad; rol; permiso,6,active,True,corpus_conversacional_inicial
kb_0209,Roles y permisos,Explicar rol,¿Qué puede hacer el jefe general?,"El rol de jefe general puede revisar prioridades, desbloquear casos, escalar decisiones y validar cierres según permisos. La acción exacta depende de los permisos configurados en la aplicación.",explicar_rol,jefe general; rol; permiso,6,active,True,corpus_conversacional_inicial
kb_0210,Roles y permisos,Explicar rol,¿Qué puede hacer el super admin?,"El rol de super admin puede administrar usuarios, reglas, conocimientos, aprendizajes y configuración general. La acción exacta depende de los permisos configurados en la aplicación.",explicar_rol,super admin; rol; permiso,6,active,True,corpus_conversacional_inicial
kb_0211,Roles y permisos,Explicar rol,¿Qué puede hacer el auditoría?,"El rol de auditoría puede revisar trazabilidad, evidencias, cumplimiento y coherencia del cierre. La acción exacta depende de los permisos configurados en la aplicación.",explicar_rol,auditoría; rol; permiso,6,active,True,corpus_conversacional_inicial
kb_0212,Conversaciones normales,Fallback controlado,No encuentro ese ticket,"No encontré el ticket con la información disponible. Verifica el código o dame otro dato como asunto, solicitante, área o fecha aproximada.",fallback_controlado,encuentro; encontré; información; disponible; verifica; código; dame; otro; dato; asunto,6,active,True,corpus_conversacional_inicial
kb_0213,Conversaciones normales,Fallback controlado,No tengo permiso para ver ese caso,No puedo mostrar información de un caso sin permiso. Puedes solicitar acceso al responsable o al administrador autorizado.,fallback_controlado,permiso; mostrar; información; puedes; solicitar; acceso; responsable; administrador; autorizado,6,active,True,corpus_conversacional_inicial
kb_0214,Conversaciones normales,Fallback controlado,La información está incompleta,La información disponible no permite dar una respuesta segura. Falta al menos un dato clave para continuar.,fallback_controlado,información; está; incompleta; disponible; permite; respuesta; segura; falta; menos; dato,6,active,True,corpus_conversacional_inicial
kb_0215,Conversaciones normales,Fallback controlado,Hay varias coincidencias,"Encontré más de un posible resultado. Necesito que confirmes número de ticket, área o fecha para evitar errores.",fallback_controlado,varias; coincidencias; encontré; posible; resultado; necesito; confirmes; número; fecha; evitar,6,active,True,corpus_conversacional_inicial
kb_0216,Conversaciones normales,Fallback controlado,No existe regla oficial,No encontré una regla oficial para ese caso. Puedo registrarlo como pregunta sin respuesta para revisión del Super Admin.,fallback_controlado,existe; regla; oficial; encontré; registrarlo; pregunta; respuesta; revisión; super; admin,6,active,True,corpus_conversacional_inicial
